<?xml version="1.0" encoding="utf-8"?>
<extension type="module" version="1.5.0" method="upgrade">
        <name>mod_order</name>
        <creationDate>2015</creationDate>
        <author>gordoney</author>
        <authorEmail>sergeibolonikov@gmail.com</authorEmail>
        <version>0.1</version>
        <description>order</description>
        <files>
                <filename module="mod_order">mod_order.php</filename>
                <filename>mod_order.xml</filename>
        </files>
	    <config>
            <fields name="params">
			    <fieldset name="order" label="Заказ">
					<field name="recipient" type="text"
						label="email"
						description="email"/>
					<field name="thanks" type="text"
						label="Текст после заказа"
						description="Текст после заказа"/>							
				</fieldset>
				<fieldset name="advanced">
					<field
						name="moduleclass_sfx"
						type="text"
						label="COM_MODULES_FIELD_MODULECLASS_SFX_LABEL"
						description="COM_MODULES_FIELD_MODULECLASS_SFX_DESC" />
				</fieldset>
			</fields>
        </config>

</extension>
