<?xml version="1.0" encoding="utf-8"?>
<install type="language" version="1.5.0" client="administrator">
	<name>Russian - CK Forms - administrator</name> 
	<tag>ru-RU</tag>
  <version>1.2.0</version> 
  <creationDate>2009-03-29</creationDate> 
  <author>Sergey Antonov</author>
  <authorEmail>appstore@me.com</authorEmail>
  <description>Russian Backend for CK Forms component</description>
  <files>
	<file>ru-RU-install.xml</file>
	<file>ru-RU.com_ckforms.ini</file>
  </files>
</install>