<?xml version="1.0" encoding="utf-8"?>
<install type="language" version="1.5.0" client="site">
	<name>Russain - CK Forms - administrator</name> 
	<tag>ru-RU</tag>
  <version>1.2.1</version> 
  <creationDate>2009-03-29</creationDate> 
  <author>Sergey</author>
  <authorEmail>appservice@me.com</authorEmail>
  <description>Russian Frontend de CK Forms component</description>
  <files>
	<file>ru-RU-install.xml</file>
	<file>ru-RU.com_ckforms.ini</file>
	<file>ru-RU.plg_content_ckforms.ini</file>
  </files>
</install>